# 数据库之增删改查

## 创建表
```
语法：CREATE TABLE table_name (column_name column_type);

create table student(
    -> id INT NOT NULL AUTO_INCREMENT,
    -> name CHAR(32) NOT NULL,
    -> age INT NOT NULL,
    -> regiiter_date DATE,
    -> PRIMARY KEY(id)         
    -> );

auto_increment 表示：自增1。写入内容为空时，默认从1,2,3...往下填充写入表格中。primary key：  表示约束(不能重复且不能为空); 加速查找not null: 不为空

mysql> show tables;     #查看有哪些表
Empty set (0.00 sec)    #查看student表的信息

mysql> desc student;
+---------------+----------+------+-----+---------+----------------+
| Field         | Type     | Null | Key | Default | Extra          |
+---------------+----------+------+-----+---------+----------------+
| id            | int(11)  | NO   | PRI | NULL    | auto_increment |
| name          | char(32) | NO   |     | NULL    |                |
| age           | int(11)  | NO   |     | NULL    |                |
| regiiter_date | date     | YES  |     | NULL    |                |
+---------------+----------+------+-----+---------+----------------+
4 rows in set (0.00 sec)


mysql> show create table student;   #查看表student创建的信息
+---------+-----------------------------------------------------------------------------------------------------------------------------------------------------------------------------------------------------------------------+
| Table   | Create Table                                                                                                                                                                                                          |
+---------+-----------------------------------------------------------------------------------------------------------------------------------------------------------------------------------------------------------------------+
| student | CREATE TABLE `student` (
  `id` int(11) NOT NULL AUTO_INCREMENT,
  `name` char(32) NOT NULL,
  `age` int(11) NOT NULL,
  `regiiter_date` date DEFAULT NULL,
  PRIMARY KEY (`id`)
) ENGINE=InnoDB DEFAULT CHARSET=utf8 |
+---------+-----------------------------------------------------------------------------------------------------------------------------------------------------------------------------------------------------------------------+
1 row in set (0.00 sec)
```
## 删除表
```
       
       #drop table 表名
       mysql> drop table student;
       Query OK, 0 rows affected (0.08 sec)
```       
## 修改表
```
    添加列：alter table 表名 add 列名 类型
    删除列：alter table 表名 drop column 列名
    修改列：
            alter table 表名 modify column 列名 类型;  -- 类型
            alter table 表名 change 原列名 新列名 类型; -- 列名，类型
       
    添加主键：
            alter table 表名 add primary key(列名);
    删除主键：
            alter table 表名 drop primary key;
            alter table 表名  modify  列名 int, drop primary key;
       
    添加外键：alter table 从表 add constraint 外键名称（形如：FK_从表_主表） foreign key 从表(外键字段) references 主表(主键字段);
    删除外键：alter table 表名 drop foreign key 外键名称
       
    修改默认值：ALTER TABLE testalter_tbl ALTER i SET DEFAULT 1000;
    删除默认值：ALTER TABLE testalter_tbl ALTER i DROP DEFAULT;
    
    1.增加
    mysql> alter table student add sex char(32);
    Query OK, 0 rows affected (0.12 sec)
    
    mysql> desc student;
    +---------------+----------+------+-----+---------+----------------+
    | Field         | Type     | Null | Key | Default | Extra          |
    +---------------+----------+------+-----+---------+----------------+
    | id            | int(11)  | NO   | PRI | NULL    | auto_increment |
    | name          | char(32) | NO   |     | NULL    |                |
    | age           | int(11)  | NO   |     | NULL    |                |
    | regiiter_date | date     | YES  |     | NULL    |                |
    | sex           | char(32) | YES  |     | NULL    |                |
    +---------------+----------+------+-----+---------+----------------+
    5 rows in set (0.00 sec)
    
    2.删除
    mysql> alter table student drop sex;
    Query OK, 0 rows affected (0.18 sec)
    Records: 0  Duplicates: 0  Warnings: 0
    
    mysql> desc student;
    +---------------+----------+------+-----+---------+----------------+
    | Field         | Type     | Null | Key | Default | Extra          |
    +---------------+----------+------+-----+---------+----------------+
    | id            | int(11)  | NO   | PRI | NULL    | auto_increment |
    | name          | char(32) | NO   |     | NULL    |                |
    | age           | int(11)  | NO   |     | NULL    |                |
    | regiiter_date | date     | YES  |     | NULL    |                |
    +---------------+----------+------+-----+---------+----------------+
    4 rows in set (0.00 sec)
    
    3.修改表名
    mysql> alter table student rename to students;
    Query OK, 0 rows affected (0.06 sec)
    
    mysql> show tables;
    +-----------------+
    | Tables_in_derek |
    +-----------------+
    | students        |
    +-----------------+
    1 row in set (0.00 sec)
    
    4.修改列名
    mysql> alter table students change regiiter_date register_date DATE;
    Query OK, 0 rows affected (0.10 sec)
    Records: 0  Duplicates: 0  Warnings: 0
    
    mysql> desc students;
    +---------------+----------+------+-----+---------+----------------+
    | Field         | Type     | Null | Key | Default | Extra          |
    +---------------+----------+------+-----+---------+----------------+
    | id            | int(11)  | NO   | PRI | NULL    | auto_increment |
    | name          | char(32) | NO   |     | NULL    |                |
    | age           | int(11)  | NO   |     | NULL    |                |
    | register_date | date     | YES  |     | NULL    |                |
    +---------------+----------+------+-----+---------+----------------+
    4 rows in set (0.00 sec)
    
    ##change 字段名，类型都可以改，modify只能改类型
```

## 表内容操作
    
    1.插入数据
    语法： 
    NSERT INTO table_name ( field1, field2,...fieldN ) VALUES
                       ( value1, value2,...valueN );
    insert into students(name, age, register_date) values ('hujianli', '24','2019-02-07');
    insert into students(name, age, register_date) VALUES ('hujianli2','22','2019-02-08');
    insert into students(name, age, register_date) VALUES ('hujianli3','21','2019-02-08');
    insert into students(name, age, register_date) VALUES ('hujianli4','20','2019-02-08');
    
![insert](../../_static/mysql-insert.PNG)
    
    2.查看数据
    语法：
    SELECT column_name,column_name
    FROM table_name
    [WHERE Clause]
    [OFFSET M ][LIMIT N]
        
        查询语句中你可以使用一个或者多个表，表之间使用逗号(,)分割，并使用WHERE语句来设定查询条件。
        SELECT 命令可以读取一条或者多条记录。
        你可以使用星号（*）来代替其他字段，SELECT语句会返回表的所有字段数据
        你可以使用 WHERE 语句来包含任何条件。
        你可以通过OFFSET指定SELECT语句开始查询的数据偏移量。默认情况下偏移量为0。
        你可以使用 LIMIT 属性来设定返回的记录数。
        
    select  * from students limit 2 offset 3;
        #limit： 查几条数据
        #offset: 从第几个开始查
        
    select  * from students where id >1;
        #条件判断
        
    select  * from students where id >1 and age < 22;
        #多个条件
     
    select  * from students where name like "hujianli%";
        #like模糊查询
        
### 查操作，使用最多
	1.基本语法
		格式：select * from 表名 
			说明：
				a、from关键字后面是表名，表示数据来源于这张表
				b、select后面写表中的列名，如果是*表示在结果集中显示所有的列
				c、在select后面的列名部分可以使用as为列名起别名，这个别名显示在结果集中
				d、如果要查询多个列，之间使用逗号分隔
				
			示例：
				select * from students2;
				select name,age from students2;
				select name as a,age from students2;  ---别名name为a进行显示
				
	#查看索引
	第一种：show create table test;
	第二种：SHOW INDEX FROM test \G；
	
	#删除索引
	DROP INDEX index_name ON table；
	ALTER TABLE test DROP PRIMARY KEY;  -->删除主键

	
				
	2.消除重复行
		在select后面列前面使用distinct可以消除重复的行
		示例：select distinct gender from students2;
	
		
	3.条件查询
		a、语法
			select * from 表名 where 条件 
		
		b、比较运算符
			等于     	=
			大于     	>
			小于     	<
			大于等于  	>=
			小于等于  	<=
			不等于		!=或<>
			--查询id大于2的所有数据
			select * from students2 where id>2;
			
			
		c、逻辑运算符
			and			并且
			or			或者
			not 		非
			--查询id值大于7的女同学
			示例：SELECT * FROM students2 WHERE id>3 and gender=0;
			
			
		d、模糊查询
			INSERT INTO students2 VALUES(0,'习近平',65,1,'北京',0);
			INSERT INTO students2 VALUES(0,'习大大',66,1,'北京',0);
			INSERT INTO students2 VALUES(0,'习大',64,1,'北京',0);
			like 
			% 表示任意多个任意字符
			_表示一个任意字符
			
			--需求：查询姓习的同学
			SELECT * FROM students2 WHERE name LIKE '习%';
			SELECT * FROM students2 WHERE name LIKE '习_'; --查询name为习X的同学
			
		e、范围查询
			in  表示在一个非连续的范围内
			between ...and...  表示在一个连续的范围内
			
			需求：查询编号为 8、10、12的学生
			示例：select * from students2 where id in(4,5,8);
			
			需求：查询编号为6到8的学生
			示例：select * from students2 where id between 4 and 8;
			
			
		f、空判断
			注意：null与""是不同
			判断空：is null
			判断非空：is not null
			
			需求：查询没有地址的同学
			示例：select * from students2 where address is null;
			需求：查询有地址的同学
			示例：select * from students2 where address is not null;
			
		g、优先级
			小括号,not 比较运算符,逻辑运算符
			and比or的优先级高,如果同时出现并希望先选or，需要结合()来使用
			
	
	4.聚合
		为了快速等到统计数据，提供5个聚合函数
		a、count(*) 表示计算总行数，括号中可以写*和列名
		b、max(列)  表示求此列的最大值
		c、min(列)  表示求此列的最小值
		d、sum(列)	表示求此列的和
		e、avg(列)	表示求此列的平均值
		
		需求：查询学生总数
		示例：SELECT COUNT(*) from students2;
		示例：SELECT COUNT(id) from students2;
		
		需求：查询女生的编号最大值
		示例：SELECT MAX(id) FROM students2 WHERE gender=0;
		
		需求：查询女生的编号最小值
		示例：SELECT MIN(id) FROM students2 WHERE gender=0;
		
		需求：查询所有学生的年龄和
		示例：SELECT SUM(age) FROM students2;
		
		需求：查询所有学生的年龄平均值
		示例：SELECT avg(age) FROM students2;
		
		
	5、分组
		按照字段分组，表示此字段相同的数据会被放到一个集合中，分组后，只能
		查询出相同的数据列，对于有差异的数据列，无法显示在结果集中，
		可以对分组的数据进行统计，做聚合运算
		
		语法：select 列1,列2,聚合...... from 表名 group by 列1,
		列2, 列3,.......
		
		需求：查询男女生统计的总数
		示例：select gender,count(*) from students2 group by gender;
		      select name,gender,count(*) from students2 group by gender,age;
		
		
		分组后的数据筛选：
		select 列1,列2,聚合...... from 表名 group by 列1,
		列2, 列3,..... having 列1,列2.....,聚合....
		示例：select gender,count(*) from students2 group by gender having gender;
			  select gender,count(*) from students2 group by gender having gender=0;
			  
		where 与having的区别
		where是对from后面指定的表进行筛选，属于对原始数据的筛选。
		having是对group by的结果进行筛选
		
	6.排序
		语法：select * from 表名 order by 列1 asc|desc, 列2 asc|desc......
		说明：
			a、 将数据按照列1进行排序，如果某些列1的值相同，
				则按照列2进行排序
				
			b、默认安装从小到大的顺序排序
			c、asc 升序
			d、desc 降序
		需求：按照年龄排序
		示例:select * from students2 order by age;
		
		需求：将没有被删除的数据按年龄排序
		示例：SELECT * from students2 WHERE isDelete=0 ORDER BY age asc;  --升序
			  SELECT * from students2 WHERE isDelete=0 ORDER BY age DESC; --降序
		
	
	
	7.分页
		语法：select * from students2 limit start,count;  --start索引从0开始
		示例：SELECT * FROM students2 LIMIT 0,3;
			  SELECT * FROM students2 LIMIT 3,3;
			  SELECT * from students2 WHERE gender=1 LIMIT 3;   --男生前3名
			  
	8.关联
		建表语句
				1、 CREATE TABLE `class` (
		  `id` int(11) NOT NULL AUTO_INCREMENT,
		  `name` varchar(20) NOT NULL,
		  `stuNum` int(11) NOT NULL,
		  PRIMARY KEY (`id`);
		
		
		2、
			 CREATE TABLE `students3` (
		  `id` int(11) NOT NULL AUTO_INCREMENT,
		  `name` varchar(20) NOT NULL,
		  `gender` bit(1) DEFAULT b'1',
		  `classid` int(11) NOT NULL,
		  PRIMARY KEY (`id`),
		  KEY `classid` (`classid`),
		  CONSTRAINT `students3_ibfk_1` FOREIGN KEY (`classid`) REFERENCES `class` (`id`);
			
		插入一些数据：
		INSERT INTO class VALUES(0,'pyth8',65),(0,'python9',99),(0,'python12',12);
		INSERT INTO students3 VALUES(0,'HU',1,4);
		INSERT INTO students3 VALUES(0,'tom',1,2);
		
		关联查询：
		SELECT students3.`name`,class.`name` FROM class inner JOIN students3 on class.id=students3.classid;
		
		SELECT students3.`name`,class.`name` FROM class left JOIN students3 on class.id=students3.classid;
		
		SELECT students3.`name`,class.`name` FROM class right JOIN students3 on class.id=students3.classid;
		
### 修改

    update students set name='hu' where id=1;
    
### 删除
    delete from students where id >4;
    
### 排序
    排序
        select * from 表 order by 列 asc              - 根据 “列” 从小到大排列
        select * from 表 order by 列 desc             - 根据 “列” 从大到小排列
        select * from 表 order by 列1 desc,列2 asc    - 根据 “列1” 从大到小排列，如果相同则按列2从小到大排
        
        select * from students order by id desc;        # 根据id进行倒叙排列
        
### 分组
    1.按名字分组后，并且统计名字出现的次数
    select name,count(*) from students group by name;
    
    2.按名字分组后，把年龄加起来
    select name,sum(age) from students group by name;
    
    select name,sum(age) as rename_sumage from students group by name;
    #加as，可以自定义sum(age)的名字


### 事务
    
    MySQL 事务主要用于处理操作量大，复杂度高的数据。

    特性：　
        1、事务的原子性：一组事务，要么成功；要么撤回。
        2、稳定性 ： 有非法数据（外键约束之类），事务撤回。
        3、隔离性：事务独立运行。一个事务处理后的结果，影响了其他事务，那么其他事务会撤回。事务的100%隔离，需要牺牲速度。
        4、可靠性：软、硬件崩溃后，InnoDB数据表驱动会利用日志文件重构修改。可靠性和高速度不可兼得， innodb_flush_log_at_trx_commit选项 决定什么时候吧事务保存到日志里。
        复制代码
        
    begin     -->开启
    
    insert into  ......    -->要写入的内容
    
    rollback;             -->回滚到原来状态
    
    commit;             -->确认提交
    
### 外键
    MySQL支持外键的存储引擎只有InnoDB , 在创建外键的时候 ,
    要求父表必须有对应的索引 , 子表在创建外键的时候也会自动创建对应的索引